,precision,recall,f1-score,support
0,0.7673048600883653,0.8096348096348096,0.7879017013232513,1287.0
1,0.8557975279576221,0.8214689265536723,0.8382819256269818,1770.0
accuracy,0.81648675171737,0.81648675171737,0.81648675171737,0.81648675171737
macro avg,0.8115511940229937,0.815551868094241,0.8130918134751166,3057.0
weighted avg,0.8185420279420076,0.81648675171737,0.817071801754263,3057.0
