,precision,recall,f1-score,support
0,0.7795389048991355,0.7979351032448377,0.7886297376093295,2712.0
1,0.8548728813559322,0.840625,0.847689075630252,3840.0
accuracy,0.8229548229548229,0.8229548229548229,0.8229548229548229,0.8229548229548229
macro avg,0.8172058931275339,0.8192800516224188,0.8181594066197908,6552.0
weighted avg,0.8236906859727159,0.8229548229548229,0.8232432690501632,6552.0
