,precision,recall,f1-score,support
0,0.788688138256088,0.7801087801087802,0.784375,1287.0
1,0.8413677130044843,0.8480225988700565,0.8446820483961733,1770.0
accuracy,0.8194308145240432,0.8194308145240432,0.8194308145240432,0.8194308145240432
macro avg,0.8150279256302861,0.8140656894894183,0.8145285241980866,3057.0
weighted avg,0.819189560338084,0.8194308145240432,0.819292721838805,3057.0
