,precision,recall,f1-score,support
0,0.7254901960784313,0.5462315462315462,0.62322695035461,1287.0
1,0.7203065134099617,0.8497175141242937,0.7796785899429757,1770.0
accuracy,0.7219496238141969,0.7219496238141969,0.7219496238141969,0.7219496238141969
macro avg,0.7228983547441965,0.69797453017792,0.7014527701487928,3057.0
weighted avg,0.7224888489004164,0.7219496238141969,0.7138122961417893,3057.0
