,precision,recall,f1-score,support
0,0.7650310988251555,0.8163716814159292,0.7898679985729575,2712.0
1,0.8638600328048114,0.8229166666666666,0.8428914377167244,3840.0
accuracy,0.8202075702075702,0.8202075702075702,0.8202075702075702,0.8202075702075702
macro avg,0.8144455658149834,0.8196441740412979,0.8163797181448409,6552.0
weighted avg,0.8229528183736718,0.8202075702075702,0.8209440068623446,6552.0
