,precision,recall,f1-score,support
0,0.6958393113342898,0.536504424778761,0.6058713304184885,2712.0
1,0.7182246133154001,0.834375,0.7719551861221539,3840.0
accuracy,0.7110805860805861,0.7110805860805861,0.7110805860805861,0.7110805860805861
macro avg,0.7070319623248449,0.6854397123893805,0.6889132582703212,6552.0
weighted avg,0.70895890223897,0.7110805860805861,0.7032098539078162,6552.0
