,precision,recall,f1-score,support
0,0.912875867386276,0.925,0.9188979433449749,5120.0
1,0.9454545454545454,0.9364096792346651,0.9409103760248798,7108.0
accuracy,0.9316323192672554,0.9316323192672554,0.9316323192672554,0.9316323192672554
macro avg,0.9291652064204108,0.9307048396173325,0.9299041596849273,12228.0
weighted avg,0.9318134895411059,0.9316323192672554,0.9316935249191296,12228.0
