,precision,recall,f1-score,support
0,0.9793533307362681,0.98203125,0.9806904622586308,5120.0
1,0.987031294051311,0.9850872256612268,0.9860583016476553,7108.0
accuracy,0.9838076545632973,0.9838076545632973,0.9838076545632973,0.9838076545632973
macro avg,0.9831923123937896,0.9835592378306134,0.9833743819531431,12228.0
weighted avg,0.983816445165719,0.9838076545632973,0.9838107274186886,12228.0
