learning_rate,batch_size,num_epochs,dropout_rate,train_accuracy,val_accuracy,test_accuracy,train_roc_auc,val_roc_auc,test_roc_auc
0.000181371569601086,32,150,0.7,96.06640497219496,82.95714753025842,83.33333333333333,0.9714185243519626,0.8922253829033491,0.8984381241549901
0.0014884669267947591,16,150,0.3,93.16323192672554,81.94308145240431,82.2954822954823,0.9523931002039955,0.8770984508272645,0.8808216856409783
