,precision,recall,f1-score,support
0,0.7627595916930658,0.7990412979351033,0.7804790203493607,2712.0
1,0.8531393155483697,0.8244791666666667,0.8385644285525096,3840.0
accuracy,0.813949938949939,0.813949938949939,0.813949938949939,0.813949938949939
macro avg,0.8079494536207178,0.811760232300885,0.8095217244509352,6552.0
weighted avg,0.815729393219984,0.813949938949939,0.8145217504317922,6552.0
