,precision,recall,f1-score,support
0,0.7860151642796968,0.7249417249417249,0.7542441390460793,1287.0
1,0.8106951871657754,0.8564971751412429,0.832967032967033,1770.0
accuracy,0.8011122015047432,0.8011122015047432,0.8011122015047432,0.8011122015047432
macro avg,0.7983551757227361,0.7907194500414839,0.7936055860065562,3057.0
weighted avg,0.8003048733108905,0.8011122015047432,0.7998246173712635,3057.0
